,ISSUE,CONSUMER_COMPLAINT
191477,Improper use of my credit report,"Transunion # XXXXSince I received the letter from XXXX XXXX regarding the complaint listed above I have discovered that this problem has escalated and I believe that I should taking serious action as my rights are being violated. I am outraged at the method of deception which was put into to play last year and is still going. The first thing is the way that they state in the letter that the fraud case issue was denied by their Security Operations dept. Well it was the dept who advised me about the XXXX charge for the refrigerators and they made no mention about the case regarding the fraud was denied, because HD was the XXXX doing the fraud to me. 
In this letter there is no mention about the refrigerator XXXX charge and it also states that they only received XXXX payment of XXXX in XX/XX/2015? ( THAT DATE IS FUTURE ) That payment was made in XX/XX/XXXX along with other payments made to pay the account off in full. They stated that I did not cooperate and provide a declaration for unauthorized use, that is not true as I called to find out why there had been charges made in the months I did not use the card. The c/s XXXX was a rude bias man and he made up the whole story because he was already covering up the fact that there were the bogus charges for the XXXX refrigerator that had APR charges and late fees they could not reverse. He chose not to disclose that information and he was the one who made those negative remarks said to be by me, and now I believe that XXXX have together started providingTRANSUNION with real incorrect information, slandering my name. Transunion sent me XXXX credit files, XXXX saying that there was a error by XXXX and then a XXXX that has trashed my entire credit file and fico score. I called Transunion and told them to remove the fraud alert. They asked for the removal request to be provided in writing and in fact they did the opposite and issued an Extensive Fraud Alert. The strange thing I that the credit file is dated XXXX XXXX 2015 and the personal info is dated XXXX/XXXX/15 and there is a note stating File Blocked for Promotional Purposes. For the revolving accounts they have noted that they are paid as agreed buy it states in bold type "" ADDITIONAL INFORMATION-Credit Card. There are also accounts that they have reported that have been closed per my request and they are not accounts I have had, not to mention a public record I do not know about. They have done this to raise additional flags for my credit history and create problems for any future loans or credit card app. I may request. Well during this dispute the credit dept for XXXX XXXX loaded up my credit file with a great deal of negative information and my FICO score went from XXXX to a XXXX. I ordered my credit report and reported all of this to the XXXX agencies. So I decided to use this XXXX XXXX credit card on XXXX/XXXX/15 and it was only for the deposit of a tool rental and at the register the clerk told me it was declined. I called the number on the card and after stating my card number the automated stated I had a XXXX balance and I was eligible for deferred charging. I asked to speak w/ a rep and he stated that my account was closed per customer request. That was not true I had not requested the account to be closed and the credit report does not make that indication. I believe that this was done in retaliation as I am still receiving emails stating that my account has a XXXX balance and is active, as well as more marketing emails encouraging me to use my account. 
"
191555,Incorrect information on credit report,"I have been disputing incorrect information on my Experian XXXX XXXX XXXX credit report but they are unwilling to allow me to dispute their "" investigation results ''. The creditors are XXXX XXXX and XXXX XXXX XXXX. The report reflects late payments and the information is inaccurate. XXXX creditors have agreed to have the items corrected on all XXXX credit bureaus but only XXXX made the correction. 
"
191588,Incorrect information on credit report,"I have been disputing incorrect information on my XXXX & Trans Union credit report but they are unwilling to allow me to dispute their "" investigation results ''. The creditors are XXXX XXXX and XXXX XXXX XXXX. The report reflects late payments and the information is inaccurate. Both creditors have agreed to have the items corrected on all XXXX credit bureaus but only XXXX made the correction. 
"
191607,Improper use of my credit report,"Experian # XXXXXXXXSince I received the letter from XXXX XXXX regarding the complaint listed above I have discovered that this problem has escalated and I believe that I should taking serious action as my rights are being violated. I am outraged at the method of deception which was put into to play last year and is still going. The first thing is the way that they state in the letter that the fraud case issue was denied by their Security Operations dept. Well it was the dept who advised me about the double charge for the refrigerators and they made no mention about the case regarding the fraud was denied, because XXXX was the XXXX doing the fraud to me. 
In this letter there is no mention about the refrigerator XXXX charge and it also states that they only received XXXX payment of XXXX in XX/XX/XXXX? ( THAT DATE IS FUTURE ) That payment was made in XX/XX/XXXX along with other payments made to pay the account off in full. They stated that I did not cooperate and provide a declaration for unauthorized use, that is not true as I called to find out why there had been charges made in the months I did not use the card. The XXXX XXXX was a rude bias man and he made up the whole story because he was already covering up the fact that there were the bogus charges for the second refrigerator that had APR charges and late fees they could not reverse. He chose not to disclose that information and he was the one who made those negative remarks said to be by me, and now I believe that XXXX have together started providing Experian the real incorrect information, slandering my name. Experian sent me XXXX credit files, XXXX saying that there was a error by XXXX and then a XXXX that has trashed my entire credit file and fico score. I called Experian and told them to remove the fraud alert. They asked for the removal request to be provided in writing and in fact they did the opposite and issued an Extensive Fraud Alert. The strange thing I that the credit file is dated XX/XX/XXXX and the personal info is dated XX/XX/XXXX and there is a note stating File Blocked for Promotional Purposes. For the revolving accounts they have noted that they are paid as agreed buy it states in bold type "" ADDITIONAL INFORMATION-Credit Card. There are also accounts that they have reported that have been closed per my request and they are not accounts I have had, not to mention a public record I do not know about. They have done this to raise additional flags for my credit history and create problems for any future loans or credit card app. I may request. Well during this dispute the credit dept for XXXX XXXX loaded up my credit file with a great deal of negative information and my FICO score went from XXXX to a XXXX. I ordered my credit report and reported all of this to the XXXX agencies. So I decided to use this XXXX XXXX credit card on XX/XX/XXXX and it was only for the deposit of a tool rental and at the register the clerk told me it was declined. I called the number on the card and after stating my card number the automated stated I had a zero balance and I was eligible for deferred charging. I asked to speak w/ a rep and he stated that my account was closed per customer request. That was not true I had not requested the account to be closed and the credit report does not make that indication. I believe that this was done in retaliation as I am still receiving emails stating that my account has a zero balance and is active, as well as more marketing emails encouraging me to use my account. Experian has not agreed to make any changes 
"
191732,Incorrect information on credit report,"I have submitted XXXX disputes to Trans Union credit bureau regarding incorrect payment history for an account on my report - XXXX XXXX. The payment history reflects multiple late payments when in fact the account was paid in a timely manner. I have also contacted the creditor but no answer has been given after numerous attempts. I am not sure what else to do given the attempts and lack of proper response from the credit bureau. 
"
191751,Incorrect information on credit report,"I have submitted XXXX disputes to Trans Union credit bureau regarding incorrect payment history for an account on my report - XXXX. The payment history reflects multiple late payments when in fact the account was paid in a timely manner. I have also contacted the creditor but no answer has been given after numerous attempts. I am not sure what else to do given the attempts and lack of proper response from the credit bureau. 
"
191795,Incorrect information on credit report,"I have submitted several disputes to Trans Union credit bureau regarding incorrect information regarding a collection item on my report - XXXX. This is NOT my account. I have been insured with XXXX for over 6 years. I have also contacted the creditor but no answer has been given after numerous attempts. I am not sure what else to do given the attempts and lack of proper response from the credit bureau. 
"
191840,Incorrect information on credit report,"XXXX XXXX SrXXXX XXXX XXXX XXXX, Ca XXXX XXXX ACQUISITIONS INCATT : XXXX XXXX XXXX XXXX CA XXXXXXXX XXXXXXXX XXXX CA XXXXRe : Account NumberTo Whom It May ConcernI am sending this letter to you in response to notice I received from you on XXXX XXXX, 2014. Be advised, this is not a refusal to pay, but a notice sent pursuant to the Fair Debt Collection Practices Act, 15 USC 169g2 Sec. 809 ( b ) that your claim is disputed and Validation is requested. 

This is NOT a request for "" Validation '' or proof of my mailing address, but a request for VALIDATION made pursuant to the above named Title and Section. I respectfully request that your office provide me with competent evidence that I have any legal obligation to pay you. 

Please provide me with the following : What the money you say I owe is for ; Explain and show me how you calculated what you say I owe ; Provide me with copies of any papers that show I agree to pay what you say I owe ; Provide a validation or copy of any judgment if applicable ; Identify the original creditor Prove the statute of Limitations has not expired on this account ; Show me that you are licensed to collect in my state ; and Provide me with your license numbers and Registered Agent. 
If your office have reported invalidated information to any of the XXXX major Credit Bureau 's ( XXXX, XXXX or Trans Union ), said action might constitute fraud under both Federal and State Laws. Due to this fact, If any negative mark is found on any of my credit reports by you company or the company that represent I will not hesitate bringing legal action against you for the following : Violation of the Fair Credit reporting Act Violation of Fair Debt Collection Practices Act Defamation of CharacterIf your offices are able to provide the proper documentation as requested, I will require at least 30 day to investigate this information and during such time all collection activity must cease and desist. 
XXXX of XXXXAlso during this are validation period, if any action is taken which could be considered detrimental to any my credit reports, I will consult with my legal counsel. This includes any information to a credit reporting repository that could be inaccurate or invalidated verifying and account as account as when in fact there is no provided proof that it is. 
If your offices fail to respond to this validation request 30 days from the date of your receipt, all references to this account must deleted and completely removed from my credit file and a copy of such deletion request shall be sent to immediately. 
I would also like to request, in writing, that no telephone contact be made by your offices to my home or my place of employment. If your offices attempt telephone communication with my, including but not limited to computer generated calls or correspondence sent to any third parties, it will be considered harassment and I will have no choice but to file suit, All future communication with me MUST be done in writing and send to the address noted in this letter. 

CC : XXXX XXXX XXXX, XXXX XXXX XXXX, President of XXXX XXXX, Federal Trade Commission, Consumer Financial Protection Bureau, Consumer Sentinel Military, XXXX, Trans Union, XXXX, Honorable XXXX XXXX Attorney General of California Commissioner of Calfornia business Overight Enforcement Dividion, XXXX XXXX XXXX XXXX Calfornia business Overight Senior corportation Counse, l 
"
191898,Incorrect information on credit report,"there is a XXXX XXXX account on my credit report that does not belong to me. I have attem have attempted to dispute several times to no avail. 
"
191920,Unable to get credit report/credit score,"I am unable to obtain my experian credit report on line. I am also unable to access my free anual credit report online via the annualcreditreport.com website. I was told the size of the report is causing this and may be related to the number of soft inquiries generated by reviewing my own report. As I had previously been a victim of Identity Theft, I checked my report almost daily for new/unauthorized inquiries or accounts appearing. That is why online access is so important to me. Now, apparently the file size will not allow online access and I must mail in a form to get a copy of my report. For someone who is monitoring their credit for identity theft in the event someone attempts to open an account in my name, I need to be able to access my credit information without waiting two weeks for XXXX in the mail. 
"
191951,Incorrect information on credit report,"there is a XXXX BP account on my credit report that does not belong to me. I have attem have attempted to dispute several times to no avail. 
"
192058,Incorrect information on credit report,"I have attempted to get this inaccurate judgment removed from my Equifax and XXXX credit reports for months. They keep referring me back to the courthouse and when I contact the courthouse, they are indicating that they did not report nor do they do any reporting to the credit bureaus, so they ca n't help me. 

The staff at the courthouse also provided the above information in writing. After submitting it to XXXX and Equifax, they still refuse to remove this inaccurate information from my credit report. 
"
192333,Incorrect information on credit report,"Incorrect information is being reported by the credit bureau 's. My identity was stolen. 
"
192425,Credit monitoring or identity protection,"Our XXXX account and an email account were breached and charges were made to a credit card. I contacted Equifax per the credit card company to lock credit services. Equifax sold me XXXX XXXX protection service, then upgraded it to another, and then downgraded when the XXXX did not work, and then added an additional XXXX for my wife, as they could not network with XXXX to link the XXXX agencies together. I was supposed to have XXXX service covering "" the family '', tying to all XXXX credit reporting services to both my wife and my social security numbers, but they ended up charging me for XXXX, with no complete coverage. 
Equifax instructed me to call XXXX to fix the error. Once I finally found a phone number that connected to live human, XXXX said there was no issue and I should get back on the phone with Equifax and they can directly call XXXX and work out any issues. Equifax said they could not solve the problem, it was up to XXXX and I should wait two weeks for all my credit reports to arrive by mail so I could compare them. At this point, after about 4 hours on the phone with these XXXX agencies, I asked Equifax for the accounts to be cancelled and a refund since I had not ever used the service nor logged onto the accounts. Equifax cancelled the accounts, but refused to give credit even though their product did not do what they sold it to me to do, plus they sold it to me only three hours or less prior to cancellation. 
I did not use their product ever as it was not what they said it was and they could not get it to work as they said it would. Since the the product did not do as it was sold to me, I expect them to stand behind it and provide a refund - no way. They say once XXXX and I figure out what is wrong, it will work. 
Equifax uses high pressure sales to sell you a product that if it does not work, too bad, you still pay at least XXXX month 's monitoring. I agreed to the extra products as the Equifax person suggested I could have everyone on the family plan by the end of the day - not even close. It would take at least XXXX weeks minimum just to find the issue by me, and then who knows how long to get it resolved since the credit reporting agencies leave it up to me to fix. 
"
193965,Credit monitoring or identity protection,"I requested my credit score and paid a special reduced fee for providing the score from Experian. Later, when I found out they had charged me {$21.00} in addition to the {$1.00}, I called them to cancel the charge and the account they said I had opened. Their representatives made me wait a long time on the phone before I could even talk to someone, and even then I found no legitimate reason for the charge. They said it was for a monthly membership but I told them I was not interested in this service. But they said I could not cancel it even though it was the XXXX day of the month-long "" service. '' I have no idea what service they are providing and would like my money back. 
"
194096,Unable to get credit report/credit score,"i attempted to obtain a free annual credit report from the XXXX reporting services via the website : XXXX. No problem with XXXX. XXXX required a written application be mailed to them and Transunion steered me to a new page or website where I was not allowed to proceed without subscribing to a service which required me to pay an initial fee of {$1.00} for the report ( {$0.00} for my "" score '' ) and further agreeing to and paying a recurring charge of approximately {$18.00}. It is my belief that I am entitled under the law to a FREE credit report. why is TransUnion being permitted to violate the law with this deceptive practice? Please remedy this violation and require them to send me a free credit report as soon as possible. 
"
194250,Incorrect information on credit report,"SOMEONE USE MY INFORMATION. THIS ISNT MY ACCOUNT. 
"
194517,Incorrect information on credit report,"I have been disputing with Experian for over 1.5 years for inaccurate reports and fraudulent reports and XXXX loans that was deleted then put back on and I have fraud alert with security freeze with my number some one changed my fraud alert phone number and put there number in there mines was removed and I have sent out numerous stuff too Experian will not follow the fcra are the fdcpa they want proof I sent proof XXXX times they still allow it too happen I need help please I have good credit know its been destroyed Equifax would n't send me credit report for 14 months and transunion want remove the fraudulent inquires that 's why hade fraud alert think XXXX on XXXX/XXXX/XXXX XXXX called me yes called said my fraud alert phone number hade been tampered with did n't match from XXXX XXXX XXXX fraud alert number supposed too be XXXX been like that since XXXX XXXX know XXXX XXXX XXXX its got number showing up as XXXX its not me I have sent proof too Experian XXXX times XXXX times even copy of my dl and my cell bill with my correct number XXXX I have XXXX inquiries on XXXX for what and why XXXX do n't remove inquiries you allowed them and you need too remove them that was the purpose of the fraud alert and security freeze and Experian has been notified as well theres also like XXXX as of today XXXX/XXXX/XXXX XXXX has XXXX I have been locked out from them it seems the credit bearus remove positive and want remove negative as result when its not yours they know that I have asked Experian and XXXX and XXXX almost 1.5 years item verify too consumer they want if they cant get the offending report on the partial account too show proof then is automatic delete its 21 days they been doing this know one year from XXXX XXXX too XXXX XXXX XXXX so upset I have numerous auto loans that are not mine XXXX yes other XXXX no then XXXX I paid off my mortgage in XXXX XXXX sum of {$85000.00} in form of check Experian allowed too stay on but XXXX removed it and XXXX removed why I did n't dispute that nor would I ever try that that 's positive account good faith then I paid of XXXX trucks XXXX in XXXX XXXX sum of {$28000.00} and XXXX XXXX XXXX sum of {$37000.00} in full XXXX deleted it and XXXX as well why I did n't request that nor was it disputed and XXXX XXXX I paid of another loan with tcc {$32000.00} deleted buy Experian XXXX XXXX why XXXX XXXX XXXX deleted ally loan deleted why I called asked them why they said it was fraud loan I told them was not fraud loan them loans were mine in good faith I have the contracts but theres XXXX fraud loans opened wright know on Experian and XXXX on XXXX that 's not mine as I explained too them they laughed at me hung up XXXX me I called with case number they said they closed it it was joke on me hows that joke on me its my life here were talking about I have maintained great credit some one has stolen my identity I put on security freeze some one removes it I have tons of inquiries the credit bearus want help me they told me pretty much stop disputing it it says it on report with Experian item updated your dispute will not be processed are you kidding me I got letters from the ftc fraud they let you print out for fraud report heres XXXX was deleted put back on XXXX XXXX XXXX partial account number XXXX these are supposed too have XXXX numbers auto loan {$29000.00} not me that 's why it was deleted back on XXXX limit {$300.00} deleted act XXXX back its not me please help me im being frauded with fraud alert thanks XXXX 
"
194683,Incorrect information on credit report,"I paid of my mortgage in XXXX XXXX sum of {$85000.00} they deleted it with out my consent I never ever even disputed nor did I try they removed my paid of XXXX XXXX XXXX sum {$35000.00} as XXXX XXXX the deleted my ally loan sum of {$29000.00} as of XXXX XXXX then I called them yesterday told them on XXXX/XXXX/XXXX that there was suspicious phone number XXXX on my fraud alert hows that they did n't know I asked them would they please change it back they did they asked XXXX security questions only I would no you hade XXXX anser each question with XXXX correct answers I did that it was good they deleted the old number that 's not mine put in correct number XXXX that was there from when the fraud alert was put on XXXX XXXX he was trying too figure out how that happened as seen the some one added extended fraud alert with that new number trying too block me from my credit report its raised red flag with them they were nice enough too help me out I told them I got there credit monitor as yesterday XXXX/XXXX/XXXX too protect me know but we have problem XXXX inquiries within starting XXXX XXXX till as of XXXX/XXXX/XXXX I called them on XXXX/XXXX/XXXX added security freeze I have the new freeze number they removed the old one due too some one got my mail transferred are come buy checked it took it out and try too block me out please help me I hade perfect XXXX with transunion in XXXX XXXX too XXXX XXXX know in down too XXXX what happen my house was deleted my XXXX paid loans were deleted XXXX has the paid mortgage and the XXXX car loans that are paid in full as well I tried too share them with them they told me nope they do n't do that yes there supposed too do that that 's my loans I worked hard too pay off all ask of them too do the wright thing as worked so hard too keep some what good credit it took some one trying too steal my identity too crash it please help me I know who has are trying too do this thanks 
"
194835,Credit reporting company's investigation,"This is the XXXX time that I have contacted XXXX in regards to inaccurate negative information on my credit report. The information being reported is erroneous. First of all XXXX XXXX XXXX is not the original creditor. SLU care is and I sent a letter to XXXX as well as the other XXXX credit bureaus which have removed this information from my report. However XXXX is refusing to do so with documentation presented by the creditor. I have been dealing with this issue since XXXX to no avail. the following information is their response to the dispute after being presented with a letter from the creditor that indicated a 100 % financial assistance for XXXX yr and a XXXX balance on my account with them XXXX XXXX XXXX XXXX : XXXX ... Outcome : Updated Dispute Status XXXX credit report prepared forFAILS, XXXX XXXX report number XXXX date : XXXX XXXX, 2015 Credit Report Toolkit : Credit EducationThis link opens a new browser windowKnow your rightsThis link opens a new browser windowListed below are the current disputes we have received from you. 

Results Due : XXXX Method : XXXX XXXX Items XXXX Number : XXXX ... Outcome : UpdatedPlease note that certain items may not display until later because they required additional processing. 
"
194992,Incorrect information on credit report,"In XXXX, I requested my free annual credit report. After viewing my credit report, I noticed over XXXX credit/loan inquiries on my account that was not authorized by me. I contacted each company and was told that there was not any account open under my information. I explained that I have a hard inquiry on my credit report and need it removed as soon as possible so that I could apply for a home. I was told that the inquiries would be removed from my credit report. As of XXXX/XXXX/XXXX, none of the inquiries have been removed dating back to XXXX. I had a initial fraud alert placed on my report on XXXX XXXX, so if any credit reports are being pulled with my information, I was to be contacted by the company before any action was taken place. I just want the inquiries to be removed so that my scores and credit is not being impacted any longer. I would like to purchase a house, but until all of the inquires are removed I will not be approved with XXXX inquires on my credit report. 
"
195003,Credit reporting company's investigation,"In XX/XX/XXXX, while discussing an unrelated business mater with a current lender, I was made aware that an account, I did not authorize or initiate, had me listed as a cosigner. I immediately notified the lender that I was a victim of identity fraud and requested to see the information they had on file. In turn, I checked my credit reports, confirmed the presence of the fraudulent account, and contacted each of the XXXX ( XXXX ) credit reporting companies and disputed the information. At varying dates in XX/XX/XXXX, each of the credit reporting companies ( CRCs ) reported that the account was confirmed by the lender. To date, the fraudulent information remains on my credit file and [ neither ] CRC has ever notated my credit profile about the account being disputed. 

After [ several ] additional telephonic requests to the lender between XX/XX/XXXX to XX/XX/XXXX, the lender mailed me a copy of the loan origination documents along with its internal ID theft package. I immediately filed a law enforcement report ( LER ) with my local Sheriff XXXX Office and returned the original package and supporting documentation to the lender in XX/XX/XXXX. The supporting documentation included a copy of the lender 's loan origination document, my LER, drivers license, social security card, and hand writing samples. 

In XX/XX/XXXX, I was notified by a potential employer that I was deemed unsuitable due the presence of delinquent financial information on my credit report. In that same notification, I was provided a copy of my combined credit report which still contained the fraudulent account on each of the CRC 's reports. I began researching laws and learned about the FCRA and the FTC. After learning that the combination of an LER and FTC Identity Theft Affidavit ( ITA ) produce an Identity Theft Report ( IDR ), I filed an ITA on the FTC 's website. 

In turn, I sent [ via certified mail ] FTC 's CRC-template letters and supporting documentation to each of the XXXX credit reporting companies requesting that the fraudulent account be blocked, removed, and that a extended fraud alert be placed on my credit file as per the FCRA. The supporting documentation for each submission of FTC 's CRC-template letter included a copy of the lender 's loan origination document ; my credit report, drivers license, social security card, and hand writing samples ; as well as FCRA Section 611. 

According to XXXX tracking, the CRCs received their certified letters on XX/XX/XXXX and XX/XX/XXXX [ XXXX ], respectively. To date, each CRC has placed an extended fraud alert but has [ not ] blocked the fraudulent account information from my respective credit profile [ or ] contacted me declining my request to block the fraudulent information. In fact, XXXX CRC will not allow me to order a credit report directly and advised ( via telephone ) that my IDR was not sufficient but would not provide its justification method in making that determination. Subsequently, and, respectively, I have ordered additional credit reports which indicate each CRC 's non-compliance the FCRA 's imposed time limits. To their credit, XXXX CRCs have listed the fraudulent account as disputed/under investigation. 

Additionally, I sent [ for the XXXX time, via certified mail ] FTC 's lender-template letter and supporting documentation to the lender requesting that the lender block, absolve me of responsibility, and stop inaccurately furnishing the fraudulent account information to the CRCs. The supporting documentation to my submission of FTC 's lender-template letter included a copy of the lender 's loan origination document and ID Theft Affidavit ; my IDR, credit report, drivers license, social security card, and hand writing samples ; as well as FTC 's Notice to Furnishers ) According to XXXX tracking, the lender received its certified letter on XX/XX/XXXX. To date, the lender has not made any contact with me. 

XXXX : FTC XXXX # XXXX 
"
195035,Incorrect information on credit report,"This credit account is inaccurate because the late payments reported are incorrect. The late payments correspond to errors committed by XXXX XXXX XXXX XXXX. XXXX XXXX unilaterally and incorrectly directed the monthly payments to payment of insurance, this error was subsequently corrected ( prove of the inaccuracy ) ; nevertheless the late payments continue to appear on my report. I am requesting that the account is removed due to this inaccuracy. 
"
195043,Credit monitoring or identity protection,"Equifax and XXXX. I signed up two months ago to check my score. Now it is time to cancel because {$40.00} a month is too expensive. The only way to cancel Equifax is to call a XXXX number. It is a long and drawn out process. Finally we talk to someone ( husband and I ) in a foreign country. They ask all sorts of annoying questions and hard sell continued service. The XXXX time they even hung up. We spent a half hour or more just to cancel the darn service!!!! They shoudl provide many more options for cancelling, INCLUDING cancelling online, for crying out loud. 
XXXX is even worse. I logged in to check my score and the info is not made available. It keeps on kicking me out. To cancel, I have to call yet another XXXX number. It is so painfully obvious that they are just sucking the automatic payments right out of you and making cancellation so hard that most people simply give up. 
"
195414,Credit monitoring or identity protection,"Transunion conceals customer service hotline on company website. I had to go to a consumer info sharing site to get the number. I am convinced the number does not appear at all on their own site. 
"
195760,Incorrect information on credit report,"Equifax refuses to remove erroneous information from my credit report. They said I can put a statement. But whats so funny is the company reporting the information XXXX, XXXX is out of business and they refuse to give me their phone number. 
"
196135,Credit monitoring or identity protection,"Paid for Credit Monitoring, XXXX, {$19.00} per month, XXXX/XXXX/15 called back XXXX/XXXX/15 at approx XXXX : XXXX to cancel and was told that you could not cancel XXXX, they would charge. They would cancel it effective XXXX XXXX. I explained that I did not have a opportunity to really understand what I had signed up for. Since I had a chance to talk to other and realize I already had similar services, I called back to cancel and they said "" TOO BAD ''. I would like my money back. 
"
196177,Unable to get credit report/credit score,"I have tried to request my annual credit reports from all three credit reporting agencies. ( XXXX, Experian, & XXXX ). After asking for my general information, and my social security number, date of birth, etc., I was asked XXXX or XXXX questions about my checking account, if a home i currently live in or did live in is in a specific town, if i worked at a certain company, etc. I went through this XXXX ( because it timed out both times ) but the XXXX time I had a problem because I had to look for the deed to my home, to see the exact year it was built, the question was ridiculous. It asked the year it was built, not the approx. year it was built, but the year it was built. I bought the home in XX/XX/XXXX. It was built ( i have since found out ) in XX/XX/XXXX. I knew it was around then, but not exactly that year. The answers to the questions were : XX/XX/XXXX-XX/XX/XXXX or XX/XX/XXXX-XX/XX/XXXX. I mean, if i was guessing, which is what i would have been doing, it could have gone either way XXXX XXXX??? it ends up i can not get my reports on line now. I am very upset about this. The people generating these questions should think a bit before putting them out there. I recently had to answer a question for my bank and it was about a cousin of mine and if he owned land in some state, I havent even seen him in years. It is ridiculous. 

regards 
"
196328,Unable to get credit report/credit score,"No person on the phone would help me resolve this issue. I called XXXX XXXX XXXX, XXXX XXXX XXXX and XXXX XXXX XXXX. I tried to get my free credit report from Transunion at XXXX.com because I had identity theft. Transunion sent an online message saying I had already received my free credit report, but this is not true the person at the XXXX phone number confirmed this. I had only ordered from XXXX last year. So I was forced to pay {$18.00} for XXXX days on XXXX/XXXX/2015 which should be free for XXXX days. They will not refund that money 
"
196359,Incorrect information on credit report,"I had a account with XXXX that was eventually sent to a collection agency, it has been on all XXXX of my credit files for over 7 years with XXXX collection agency and as of XXXX 2015 it had been resold to another collection agency and is being report as a new collection account on my credit file as of that date. The account should have been removed from my credit file in XXXX 2015 for good. The Collection Agency is XXXX XXXX XXXX XXXX XXXX XXXX XXXX XXXX WA XXXX ( XXXX ) XXXX and its for XXXX XXXX Account # XXXX for XXXX. I feel that the agency is unfairly putting fraudulent info on my credit report. 
"
196455,Incorrect information on credit report,"I wante to pay on mywasher and dryer, i was told that my acct, was closed i ask why then i was told that i had filed chapter XXXX, I said know way i 've never filed chapter XXXX in my life. What should i do about this? So i do n't know wh did this. It was'nt me. 
"
196609,Incorrect information on credit report,"I have XXXX judgements against me. At the time of service I had medical insurance to cover me. Instead of my insurance being billed I was directly sued by the medical provider. I 've contacted the XXXX and XXXX XXXX about this matter & was given proof that I had insurance coverage at the time of of service. I sent a written letter to each credit bureau with a copy of proof of insurance at the time of service requesting they remove it immediately off my credit and they have yet to do so. Please help me because I 'm being denied credit cards home loans and renting a place because of these derogatory remark. 
"
196837,Incorrect information on credit report,"Transunion is reporting my XXXX XXXX XXXX Account ( XXXX ) 30 days late for cars purchased in XXXX ( XXXX XXXX ) and in XXXX ( XXXX XXXX ). 
In XXXX, the XXXX XXXX was paid in full by the credit union and the payment was not late. 
In XXXX, the XXXX XXXX was paid within 30 days. 
"
196845,Unable to get credit report/credit score,"Ordered a XXXX credit report and scores from XXXX ( Experian ) .They only gave me XXXX score and XXXX report from Experian. They said there was an error in getting the other XXXX scores & reports. I paid them {$49.00}, & they will not refund my money. It was paid with a Visa card 
"
197095,Incorrect information on credit report,"I paid off my debt 100 % almost a year ago, yet the same account that I paid off in full, remains on my credit report. I have called the debtor & spoke with several different representatives regarding this matter/situation. I have been working on clearing/paying off all of my debts. This is the only XXXX that has been left on my report even though it has been paid in full. The debtor, XXXX XXXX XXXX, WI, seem to not know why it remains on my report or even how to have it removed. I have asked them several times to report that it has been paid in full, but it 's not working for whatever reason. but, they did send me a confirmation letter stating that the account has been paid in full & that there is a 0 balance. How do I go about clearing this up, free of charge, as quickly as possible? 
"
197163,Incorrect information on credit report,"Experian is reporting a foreclosure starting in XX/XX/XXXX on my credit report, source XXXX bankI was denied an FHA mortgage through XXXX XXXX bank as a direct cause of this erroneous information. 
This account was completely closed back in XX/XX/XXXX and I can prove it with a copy of the dee transfer which was recorded in XX/XX/XXXX. 

FHA mortgage guidelines disqualify any applicant with a "" recent foreclosure '' in the last 24 months. This account is XXXX years old ... as it was CLOSED totally and finalized with a transfer of deed, registered at the XXXX County Court in New Hampshire. I supplied this proof to XXXX XXXX, who re-submitted it through Experian Credit Bureau, who still refused to remove it. I origianlly disuted this directly through experian in XX/XX/XXXX when this inof appeared..to no avail. This has caused my extreme financial damage, and emotional distress, causing me to forfeit funds ... possibly move etc. etc. 
"
197269,Incorrect information on credit report,"HireRight gave inconclusive credit findings to a Company called XXXX and company. I was scheduled to start work for XXXX on XXXX/XXXX/2015. On XXXX/XXXX/2015 I was extended an offer for employment with them. I accepted and received paperwork from HireRight. I received a credit report from XXXX saying that my public records were sent to XXXX, but the address on the report was that of HireRight 's. The credit report had XXXX items that should have be on the report. XXXX showing that of a paid Indiana Tax lie and the other showing a false judgement against me from a check cashing company. There was XXXX also for Indiana state that I did owe and was paid on XXXX/XXXX/2015. HireRight showed these as flags on my credit to XXXX. HireRight did not investigate these thoroughly. As a result XXXX called me on friday XXXX/XXXX/2015 saying not to go in on XXXX/XXXX/2015 and I would start on XXXX/XXXX/2015 and they wanted to discuss HireRight 's flag that they showed. On Monday at the end of business day I got a call from XXXX and the HR rep had pulled my personal credit report and really didnt talk much about my public records. We talked about my personal credit. On Tuesday I received an email from the HR rep saying she and the hiring manger would be talking again on what their thoughts were. Finally, after seeing that I was getting strung along. I reached out in the after hours expressing that maybe it would be best that I pursue other opportunities and that I could see that XXXX was stringing me along. HireRight reported information costing me a job. As a result of this I am now unemployed with bills vastly approaching. I have no way of recoup my losses. I 'm also getting all types of soliciting calls and emails for companies saying things about loans and pay day loans. I didnt receive anything like this until I gave my information to hireright. 
"
197278,Incorrect information on credit report,"Equifax is erroneously reporting ( XXXX ) significant items on my credit report:XXXX ) A public record of a "" court judgement '' from XXXX NH court ... source XXXX XXXX XXXX the amount of ( {$5000.00} ) This was a small claims court case ... .in which the result was that I lost ( {$600.00} ) ... which I paid immediately..closing the case in XXXX. I can attach the official court documents which support my position. Equifax is reporting this an open court judgment for ( {$5000.00} ). 

XXXX ) Equifax is reporting a public record of a Federal Tax Lien against me from XXXX. This Federal Tax lien was erroneously placed in XXXX, but it was removed from existence ( without having been paid - because it was erroneous. I filed an official IRS Lien Removal Form, which was prompty approved by the IRS. The court of record ( XXXX XXXX NH ) was succesfully updated, and this item came off of the other ( XXXX ) major credit reporting bureuas ... .but Equifax never removed it. 

These ( XXXX ) erroneous items have directly contributed to me being denied an FHA Mortgage through XXXX XXXX bank in XXXX XXXX. I supplied supporting documents to prove this to XXXX XXXX, which they were satisfied with, and subsequently re-submitted through Equifax ... but Equifax refused to remove this erroneous information ... which led to my mortgage application beind denied ... again ... .causing me tremendous financial loss, continuing financial loss ... hardships, and emotional distress. 
"
197367,Incorrect information on credit report,"Hello, mortgage : XXXX XXXX in dispute : XXXX XXXX report # XXXX XX/XX/XXXX, I contacted Experian to dispute a delinquent payment on my credit report. I was advised the mortgage company had to correct the late pay and resubmit to the credit bureau. I sent my mortgage company a copy of my XXXX postal tracking # It was mailed as a 2 day priority. 
As of today, this is STILL showing delinquent on the credit reports. Per Experian, they closed my dispute in XXXX hours, referred me to my mortgage company and to date, have not corrected or removed my late payment as an error or acknowledged as such. 
EACH late pay cost me XXXX points on my credit report. For them to force a lower score on me is questionable and unethical. It appears that they use "" late pays '' as a means to force people to purchase their credit products. 
Today, XX/XX/XXXX I contacted my mortgage company yet Again and was advised the XX/XX/XXXX is showing current in their system. 
Please advise. Thank you for your time. 
*******************IF you choose to publish this, PLEASE REMOVE MY CREDIT REPORT NUMBER! THANK YOU! ************************************************************** 
"
197380,Credit monitoring or identity protection,"Like many other Americans, I have voluntarily initiated security freezes on all of my credit profiles at Transunion, XXXX and XXXX. This helps me sleep better at night knowing a fraudster ca n't open an account in my name without my explicit permission. 

The complaint I have is that not only do I have to pay {$10.00} to these companies to initiate the freeze, I also have to pay {$10.00} to each XXXX separately, every time I want to apply for a credit product. In some cases I am forced to pay {$30.00} out of pocket. I take issue with this because the problem of identity theft is largely attributable to these very organizations who provide my financial information to anyone who asks for it, "" willy-nilly '' without any sort of authentication or identity verification. So even though these companies are responsible for the problem, if I want to do something to prevent it ultimately I have to pay. 

I am requesting that the CFPB require, or simply encourage these companies to provide this service free of charge to American consumers. By doing so they will be helping to more easily prevent the serious issue of identity theft, as well as avoid more costly requirements that may come their way in the form of legislation aimed at combating the problem. Thanks for your time, XXXX XXXX 
"
197544,Incorrect information on credit report,"I have contacted Equifax over XXXX times concerning this issue ; they say that I am being verified electronically however I informed them that the information is incorrect and that I was not in FL when the supposed medical bills occured. They refuse to remove the negative info from my credit report. All of the other credit agencies have removed these doctor bills as the company couldnt prove conclusively it was me. Equifax is refusing to cooperate. This has been going on for over a year. 
"
197550,Incorrect information on credit report,"I disputed an account. I received a response stating that it was deleted. I had someone pull a tri-merge credit report on my after receiving the results, and the account was still on my credit with the credit bureau that stated it was deleted. 
"
197657,Incorrect information on credit report,"XXXX THIS WAS NEVER A CHRGE OFF, ACCT WAS PAID IN FULL AND I HAVE MY TITLE TO MY XXXX - NOT MY ACCOUNT. I AM NOT ON THE APPLICATION I WAS LISTED AS AN AUTHORIZED XXXX - NOT MY ACCOUNT. I AM NOT ON THE APPLICATION I WAS LISTED AS AN AUTHORIZED USER 
"
197754,Credit monitoring or identity protection,"A fraud alert was put on my account without my knowledge. I was in fact a victim at XXXX time of XXXX however ; I have requested in writing to all major credit bureaus, Equifax, XXXX, and XXXX XXXX that the fraud alert was preventing me from get instant credit, credit line increases and etc. I requested for the XXXX time XX/XX/XXXX that the fraud alert be removed immediately. I never received any response. I tried to get a credit line increase with XXXX XXXX Department store and was told that I needed to contact Equifax because they had an alert on my credit file until XX/XX/XXXX. After complaining some years ago, it was taken off however but put back on in XX/XX/XXXX. I am asking that this fraud alert be taken off of my credit immediately. 
"
197761,Incorrect information on credit report,"XXXX departmentXXXX XXXX XXXX XXXXacct # XXXX date XX/XX/XXXXspoke with bridget in fraud department, prepaid phone number in collection XXXX ( CAXXXX XXXX area code ), post-paid # amt is {$100.00}, confirmed by XXXX w/ prepaid department XXXX XXXX XXXX XXXX that it 's a post paid and not prepaid as there was a balance due. canceled XX/XX/XXXX paid {$660.00} from a checking account via debit card. no confirmation number or posted date of payment. when asked to transfer to supervisor call was dropped after being on hold. no name associated with the phone # /account only my social. 

for over XXXX hours, keep getting disconnected, drop-calls, hang-up, during transfer. prompt for phone number by auto answering service, phone number does n't exist and call get disconnected. not even a verizon representative is able to bypass the auto answering service. 

trying to resolve this negative account off my credit report. equifax could n't get this off my credit file as they ca n't reach anyone at XXXX to successfully investigate the dispute. 

XX/XX/XXXX - Date of Inquiry to my creditCreditor Contact InformationXXXX XXXX XXXX XXXX XXXX XXXX, WA XXXX ( XXXX ) XXXX 
"
197781,Incorrect information on credit report,"Do n't ever recall having or doing anything in my life with XXXX banks or credit cards! 
"
197806,Incorrect information on credit report,"I disputed with all three credit rating agencies and XXXX XXXX, a charge-off/write-off posted by XXXX XXXX on my credit report. I provided proof of payment that brought my account current. I provide evidence of an agreement to pay and online payment receipts directly to XXXX. I also included direct withdrawal receipts from XXXX 's rep XXXX. I was told by XXXX 's agent that as long as I kept my account current and paid the amounts agreed upon, XXXX would not take any further action. It was understood that I was not to use my card until the bill was paid in full at which time I could use the card again. During this time I was able to make payments directly to XXXX Website as well as have automatic withdrawals. I have documentation on XXXX paper showing payment of the amount to bring my account current and invoices showing bills amount owed and amount paid to XXXX XXXX. My account should not be in charge-off or write-off status. My account is still accessible and being paid for on XXXX. In addition I am paying as posted on XXXX 's website. I Had been making the agreed upon payments for over 6 months when they declared the account a charge-off. 
"
197807,Incorrect information on credit report,"I disputed with all XXXX credit rating agencies and XXXX XXXX, a charge-off/write-off posted by XXXX XXXX on my credit report. I provided proof of payment that brought my account current. I provide evidence of an agreement to pay and online payment receipts directly to XXXX. I also included direct withdrawal receipts from XXXX rep XXXX. I was told by XXXX agent that as long as I kept my account current and paid the amounts agreed upon, XXXX would not take any further action. It was understood that I was not to use my card until the bill was paid in full at which time I could use the card again. During this time I was able to make payments directly to XXXX XXXX as well as have automatic withdrawals. I have documentation on XXXX paper showing payment of the amount to bring my account current and invoices showing bills amount owed and amount paid to XXXX XXXX. My account should not be in charge-off or write-off status. My account is still accessible and being paid for on XXXX. In addition I am paying as posted on XXXX 's website. I Had been making the agreed upon payments for over 6 months when they declared the account a charge-off. 
"
197920,Unable to get credit report/credit score,"I try to look at my credit report online, the system will not let me see my credit report but will let another credit company that i pay to have to see my report, when i go to look at it, the require all this information to send to them like my picture id and socail security number and a copy of my phone bill, they will not let me dispute my information, I have sent them copys of all my information certified mail, still will not let me dispute or look at my credit report, I have to pay another company for them to pull it, give it to them but not me ... Thats crazy, Experian is the only one that iam having a bad time with. 
"
198589,Incorrect information on credit report,"I purchased a lawnmower from XXXX in XXXX AlabamaAlso a air conditioner The lawnmower broke down three weeks after Ipurchased it returned it to be repaired never seen it again called severaltimes they finally brought me the wrong mower I refused it was not theone I purchased it was used and older The air conditioner I gave back to theretheir collections manager or whoever that guy is that beats down doorshe refused to give me a receipt that he took it also he broke my screenby forcing it when it was locked to put a note in my door They have puta charge off on my credit {$1100.00} and that is false they never could findmy lawnmower and they refused to tell me what they resold the airconditioner for all I could possibly owe them is the remainder of the airconditioner minus what it sold for I want them to take this off my creditas it is fraudulent reporting their credit manager XXXX needs to beterminated as she is trying to scam people like me.I have wrote thecompany XXXX times no response they filed a law suit 2 years ago forXXXX and never followed up on it because I will so countersue so manydifferent amounts none coenside with another 
"
198614,Incorrect information on credit report,"I have sent requests to TransUnion to stop falsely reporting derogatory against me stating that I have an unpaid medical bill in the amount of {$76.00}. TransUnion continues to falsely report information from XXXX XXXX XXXX, # XXXX ( XXXX, VA ) ; stating that this debt is allegedly owed to XXXX. I am a XXXX XXXX XXXX Veteran and have 100 % free medical coverage! This debt could possibly be my son ( I do n't know ) ; he has my name, stayed with me for one year, but has long since moved away. However, we have different social security numbers and birth dates, so this problem can be easily resolved. I have zero medical bills, and I have repeatedly communicated this fact to TransUnion unsuccessfully .... please help! 
"
198628,Incorrect information on credit report,"I disputed a Collection with Transunion. XXXX XXXX XXXX. # XXXX. The original account was with XXXX ; account # : XXXX ; it has been sold to XXXX XXXX XXXX, XXXX, I got the m to remove it, and then to XXXX XXXX XXXX and I believe a few other ones. Also, this account is not mine, I have already proved a few times, that this account belonged to a relative and they did not pay and for some reason, all of these companies have been trying to come after me. On XXXX XXXX, XXXX ; I already got Transunion to delete this alleged account from my file, because it was never mine and today ; now.. XXXX XXXX, XXXX ; they are stating XXXX XXXX XXXX is remaining on my credit report until XXXX XXXX. I am asking for your help, once again, CFPB has already helped me with this same issue and same original account number once before ; back in XXXX XXXX ; this issue was XXXX again removed with your help, it seems as if the account is being sold here and there and I am having to deal with this at least once a year. Please help me remove and please help me stop the collection agencies from repeating of selling this account. Again this is not my account and it never was my account. 

I do n't have a scanner ; but the original case # s were : XXXX and XXXX. 
"
198675,Incorrect information on credit report,"i contacted equifax to investigate XXXX collection account in my credit report that does n't belong to me : XXXX XXXX XXXX acc # XXXX XXXX XXXX XXXX XXXX XXXX acc # XXXX and XXXX/XXXX for XXXX XXXX XXXX # XXXX i requested documents and proof to validate the debt from the creditors several times and they respond was the inquire or was matter of record and i should contact them which i did and they still not provide me the proof to validate the debt knowing they are violating the FDCPA practices and rules and they wont re-open an investigation even if they never did since it is impossible to do it in the time frame they did XXXX DAYS! 
"
198790,Improper use of my credit report,"On XXXX/XXXX/2014 in XXXX - XXXX XXXX XXXX XXXX XXXX XXXX, XXXX, XXXX XXXX, XXXX. XXXX, XXXX XXXX XXXX XXXX denied loan because The Credit Bureau -TransUnion changed my personal information my XXXX name and my mother XXXX name. 
Also in the report see that without my permission on XXXX XXXX XXXX XXXX XXXX XXXX XXXX, XXXX XXXX XXXX XXXX. XXXX, XXXX XXXX XXXX XXXX. They requested my information in The Credit Bureau without my knowledge. I tried to ask that they tell the truth to sent to credit bureau, but they denied to help me. 
Need to check XXXX XXXX, I think that they started the problem in XXXX/XXXX/2014 with XXXX ( XXXX XXXX XXXX, XXXX XXXX, TX XXXX, ( XXXX ) XXXX. I not want see more XXXX in my report. 
"
199099,Incorrect information on credit report,"XXXX XXXX MUNICIPAL COURT ( XXXX ) Says i owe {$160.00} XXXX different times on my transunion report and i have not been in XXXX or had any XXXX or XXXX tickets but my id and ss card was stolen along with my car in XXXX of 2014 and i would like them to be removed from my credit report because i dont even know what they are for 
"
199120,Incorrect information on credit report,"Several paid collections came off of my report, then after I bought my house, those mysteriously came back on. 
"
199238,Incorrect information on credit report,"I have written and contacted Equifax so many times, and their most recent shenanigans involves them not removing items from my credit report, even after the collection agencies have notified them to remove such items. There are accounts in collections that the companies have stated should be removed but the credit reporting company is neglecting the requests. I am asking that the items be removed today! and an apology letter to follow. 
"
199411,Incorrect information on credit report,"This is an additional dispute being filed as I was advised to do by a member of your team that I spoke to on the toll free number today. 


I recently joined creditkarma.com to begin to rebuild my credit. 

Shortly thereafter, I discovered an account in Collections reported by XXXX and Equifax from XXXX XXXX XXXX for {$470.00} XXXX COMPANYPO BOX XXXX, XXXX do not have an account with XXXX XXXX XXXX and have not since I allowed a cellular contract to expire in XXXX. 

To summarize, I had a XXXX year cellular phone contract with XXXX XXXX XXXX that began in XXXX and the contract expired in XXXX. I did not renew the contract opting to pay on a month-to-month basis. 

So, at that point, I did not have an outstanding balance with XXXX XXXX XXXX and began using "" pay-as-you-go '' service until around XXXX when I began "" rate shopping '' with other pre-paid service providers. 

I do not know from where these charges originated and have no records of any accounts with XXXX XXXX XXXX for any services of any kind since I changed to other pre-paid service providers a few years ago. 

As I have no accounts with XXXX XXXX XXXX, I have no documents to attach. 

I would appreciate any assistance you can provide regarding this issue. 

Sincerely, XXXX XXXX XXXX 
"
199433,Incorrect information on credit report,"My irs payment was not remove from my public records, When I went to purchase my home it pulled up in public records. Please remove out of public records attach you will find the proof. they remove it off my credit report but not public records 
"
199474,Incorrect information on credit report,"My XXXX XXXX account has been paid off. How did Equifax verify the accuracy of the listing? It is obvious it was not investigated properly. If it had been, the listing would be reported accurately. It still shows a balance. 
Also, they have been reporting incorrect late payments and other data the entire time it has been listed. They verify the data when I dispute and will not respond to letters requesting method of verification. 
"
199495,Credit reporting company's investigation,"I have recently pulled out my credit profile from equifax company. I have found out XXXX account that is incorrect, that is reported from Collection agency. After sending letters to the Collection Agency who has listed an item on my file, to ask them validate my debt. But I have n't received any legal documents that proof of debt, such as acoount statement, name of original creditor, and registered agent number, and so on. I asked them to delete from my credit file if they ca n't validate my debt, But they still keep reporting to credit report company while they ca n't validate my debt. 
I have contacted the credit report company, Experian, to ask them to investigate the account that I was given no evidence of my obligation to pay this debt to this collection agency. But it came out verified from Experian ( attachment enclosed ). And as I know this debt is out of Statute of Limitations of State, but the Experian still allows debt collector to report in my credit file. Please help me to resolve this matter. It affects my life, and make me distressful. 
Thank you so muchSincerely Yours, XXXX XXXX 
"
199588,Incorrect information on credit report,"I am having difficulty trying to file for a credit card or to receive a credit card due to that I have a XXXX brother with the same last name and same first but our middle names are different. our social security numbers are different by XXXX digit cause we were born XXXX as XXXX. XXXX are XXXX individual people, not XXXX person. When trying to file for a credit card, the credit bureau 's see XXXX different social security numbers but when they see the same first and last name, everything is refered back to XXXX person and only being XXXX person since having the same names but the system ca n't detect a XXXX digit difference in social security numbers. The United States XXXX can Identify XXXX separate human beings with XXXX different social security numbers and see the complete name, first, middle and last, they do n't see only first and last name. This problem has been going on for the last 7 years and yet to this day credit bureau 's have not identified or tried to prevent these kind of situations believing that XXXX people with the same fist and last name but XXXX digit difference in social security is still only XXXX person. Were both veterans, we have XXXX different XXXX discharge papers, both identifying both of us as XXXX different people. I hope that the system is n't discriminating towards Hispanics that have identical names but yet XXXX different social security numbers. 
"
199641,Improper use of my credit report,"XXXX Violation : will send attachment and copy credit report where my medical information : XXXX, ARE Listed. XXXX interview are pulling and seeing my confidential medical condition. Negatively affecting my credit report. Want to purchase a home. I want to be compensated {$2500.00} for each violationThank you, XXXX XXXX my daughter : XXXX XXXX is POA 
"
199689,Credit reporting company's investigation,"On XXXX XXXX I sent to Transunion via Certified Mail a letter disputing several unverified items which arrived at Transunion on XXXX XXXX, XX/XX/2015 
"
199698,Credit reporting company's investigation,"I submitted a dispute on inquiries that were XXXX and XXXX times by the same people with the same address and name some only a day apart but after the dispute instead of deleting some of them ( XXXX ) they XXXX ( XXXX ) them and now my score dropped XXXX points. All XXXX Credit companies are the same they do what they want some one puts something on your report and even if its false its like pulling teeth to get it off. You either have to live with it or pay someone to try and get it off and not everyone ca n't afford {$80.00} a month. I live in Florida and not XXXX of those companies are here so they do n't abide by the new laws of our bankruptcy as I filled and was reported XXXX/XXXX/XX/XX/2011 and since I 've try to rebuild my credit it was XXXX before I contacted Equifax now its XXXX. 
"
199796,Unable to get credit report/credit score,"There are several issues:1. FAILURE TO DELIVER FREE CREDIT REPORT. I completed a complete written application including copies of driver 's license and utility and mailed that to Experian at its free credit report address. In response, Experian sent me a statement claiming I failed to provide ANY OF THAT that information in a letter I received about 2 weeks after my request. 
2. BREACH OF CREDIT INFORMATION. The statement from Experian was directed to my home address but listed a completely unknown name : "" XXXX XXXX XXXX. '' It appears that Experian has given me confidential identification belonging to another person. Experian 's Report Number is XXXX and was issued XXXX. 
3. FAILURE TO MAINTAIN 800 Number. I received a subscription to ProtectMyId.com, a company owned by Experian, under a court settlement regarding massive identity theft. I logged onto that site and saw XXXX erroneous credit reporting issues. Using the website, I tried to file a complaint using that service, but it would not allow me to file any complaint. The website demanded a report number, but did not give me a report number to identity the matter. I attempted to call ProtectMyId.com but noone answered the phone, even when I hit XXXX or followed the prompts. I then tried to call Experian and could not get through either. 
4. PROTECTMYID.COM. I filed an online complaint with the website stating it did not deliver the service it was set up to deliver. I received an email over a week after I sought help from ProtectMyId.com stating that my request for assistance was received. I responded asking for actual help. I have never received any assistance from the website, Experian 's subsidiary. Instead, they then sent me a letter telling me they could not help me with a dispute involving Experian. 

CONCLUSION. I am very concerned that Experian is reporting incorrect information on my credit and refusing to communicate with me about it and is instead releasing another person 's name to me. If they confuse me with another person, are they sending out my confidential information to a complete stranger? XXXX 
"
199820,Incorrect information on credit report,"I had credit cards with XXXX and XXXX XXXX XXXX. XXXX agreed to take a settlement, but agreed to remove any negative info off my report if I paid the settlement. I paid, but they left the late pays and settlement status. I felt they lied to get me to pay and now they wo n't discuss it. XXXX XXXX XXXX helped me by setting up a payment plan. They advised everything would report Paid as Agreed and no late pays. However, I still see several late pays on all XXXX credit reports. I 've since paid off B of A in full. 
"
199996,Credit reporting company's investigation,"I disputed a collection account from XXXX XXXX XXXX because the information was unfamiliar therefore inaccurate. I submitted a dispute via XXXX mail and I received an email from Equifax stating that the account had been "" verified. '' None of the original creditors info was included as far as dates payments, date of XXXX delinquency, a signed original contract between me and the original creditor, a contract between XXXX XXXX XXXX and the original creditor giving XXXX the rights to collect on this debt. I asked for all these things in my letter and they were not provided from Equifax nor XXXX XXXX XXXX. Attached are the results of there investigation, this does not validate the debt 
"
200033,Credit monitoring or identity protection,"I went to XXXX of XXXX XXXX XXXX XXXX XXXX HillsCA XXXX phone # XXXX asked XXXX XXXX times on XXXX XXXX that how much It will cost me? I also told her that I have only XXXX XXXX, and she replied your payment will be XXXX '' If she would have told me the amount, or not covered by XXXX 100 % I would not have gone there. After some time I started receiving call to demanding money. I kept telling that XXXX told me that payment will be XXXX so I am not going to make any payment so Firm went to collection agency, XXXX. Collection agency stat writing threatening letters and wrote me that if I do not pay, it will be reported to credit bureaus. 
On XX/XX/XXXX when I received my credit report. In spite of writing all explanation XXXX collection agency ( and provided all documents ) reported to credit bureaus I think it is not ethical because collection agency should investigate XXXX. I thought collection agency would investigate to find out what is the truth. It is not fair to report to credit bureaus without conducting investigation. What kind of protection consumers have? Is it fair to consumer to suffer because provided wrong information or it is it by law that collection agency destroy any body 's reputation? Is it not responsibility of collection agency to report its finding? 

Is not consumer protection agency main function to protect consumer? 

Please help me 
"
200322,Incorrect information on credit report,"Apparently my x-wife went to a XXXX in XXXX, Tennessee and had a procedure done using the old XXXX card that was only good when we were XXXX. I have XXXX papers proving that she was no longer insured after the XXXX. Now apparently XXXX XXXX shield has denied the claim but it 's showing that the charge was JOINT?? I had no knowledge of any of this and did not sign any paperwork for her or on her behalf. I only found out about the collection because I monitor my credit report from time to time. Now it has gone to collection through a company called XXXX XXXX and XXXX and is showing as a collection on my Credit Report. What do I need to do to get this off my credit and get her to stop using my card. XXXX XXXX had told me that they ca n't take the card from her and she has tried this before?? She is still using the name of XXXX XXXX and is not supposed to be using my last name anymore, the court ordered her through the XXXX to change her name back to XXXX XXXX XXXX and she apparently has not done this. 
"
200355,Credit reporting company's investigation,"My son 's name is similar to my name. He has very bad credit, including judgments against him. My credit was very good until his information started being reported on my credit report. We discovered this last year ( XXXX ) when my wife and I were building a new home. We contacted all XXXX credit bureaus asking them to delete my son 's information. For some reason, Equifax did not fix their errors. We have contacted Equifax by phone, by letter and by submitting a dispute via the internet. We have been trying to get our fixed rate loan since XXXX and are getting denied because of my son 's information on the Equifax report. They 're saying that rates are probably going up and we want to get locked in at the lower rates. It should not take XXXX more days to fix something that they were told about a year ago. 
"
200378,Unable to get credit report/credit score,"XXXX I ordered a credit report from XXXX XXXX for my review and to improve my score. 

XXXX Customer service representative from XXXX stated I need to call XXXX ( Experian ). They could not process my order because of a discrepancy only Experian could tell me. Basically I could not retrieve my credit report, and the pending fund withdrawal would not be token from my account. 

After calling Experian several times trying to resolve this issue I was only prompted to either purchase a report by credit card or check. They did not give me an option by phone or web to talk or chat with any regarding the retrieval of my credit report. 

I would like to resolve this issue, it is very important to me and anyone else who is going through this. 

XXXX XXXX XXXX XXXX # XXXX, XXXX : XXXX : XXXX 
"
200440,Incorrect information on credit report,"*** This is not a Duplicate ***My mortgage company lack of security allowed my tenant ( XXXX XXXX ) to compromise my account and cause harm to me and my credit. She was able to gain authorization over my account and changed the contact information and went delinquent. I was n't notified because the contact information was changed. This was all done without my awareness or consent to account XXXX and XXXX on XXXX XXXX XXXX. I have taken actions to correct my part, but I need to have the harm caused to me removed from my credit file. 

I have sent the following proofs of fraud on my account to Experian and they responded with ; that they will not block the subject submitted from my credit file. 

Compromising my account and taking actions as if they were me is a clear case of fraud, and according to the FCRA, fraud should not be reported. 
Attached : - XXXX police reports by my tenant- XXXX court cases of my taking legal actions to correct my situation- a forfeit letter written by my tenant. ( if you see the phone number on the letter, it 's my tenants cell phone number ) - XXXX letters of me escalating to my mortgage company to correct my account and also to secure my account ( XXXX have been a failure ) 
"
200500,Incorrect information on credit report,"It is several accounts that are incorrect, XXXX XXXX XXXX XXXX ( XXXX XXXX online XXXX ), XXXX ( XXXX ) SERVICES, XXXX ( XXXX ) XXXX XXXX, XXXX XXXX ( XXXX,, XXXX XXXX, ( XXXX XXXX XXXX XXXX ). 
"
200564,Unable to get credit report/credit score,"I wanted to receive my free annual credit report online. Went to annualcreditreport.com and chose TransUnion as the company to receive my report from. This transferred my request to the TransUnion website where I could only get my report by PAYING {$1.00} for the report and score. {$1.00} is not much but I do not want to give out my credit card information as it has been compromised several times, so I could not use the website. Called TransUnion customer service. They said I could use the phone service ( having to give my Social Security number over a cell phone, not secure either ), or write. If TransUnion will not give the free annual credit report online, then that should be noted via annualcreditreport.com. I believe TransUnion is making it difficult to get a free credit report on purpose. Please investigate. 
"
200581,Incorrect information on credit report,"I can not dispute. I have tried to do this several times online and it keeps failing. Trans Union is the XXXX and only XXXX that does not work online. I keep getting an error message. I called TU and they were no assistance, wanted me to send something in writing. I am not. I went to TU site through the Free Annual Credit report site setup by the government to help with exactly these bad practices. I would like free access online to my report and to the Dispute Process. Or someone from TU to call me and walk me through it on the phone step by step. If they can control my life with bad information then I should be able to demand assistance without hassle. 
"
200649,Credit reporting company's investigation,"On XX/XX/XXXX, I requested Equifax to investigate and verify erroneous, incomplete and inaccurate information that they were reporting in my credit file. It took them more than 35 days to respond and they said that they had verified the information, but they did not provide "" Proof of Verification '' or their "" Method of Verification, '' as requested. They simply matched up numbers in a data base and said that it has been verified. 

On XX/XX/XXXX, I sent Equifax a letter to re-investigate this same incomplete, inaccurate and erroneous information, specifically requesting their "" Proof of Verification '' and their "" Method of Verification '' for this inaccurate and incomplete information that they are reporting. On XX/XX/XXXX, I sent a follow-up letter ( all letters were sent certified, return receipt ) reminding them to validate and delete this erroneous, inaccurate and incomplete information that they are reporting without legal verification. 

So far, they have totally ignored my request and have violated my legal rights as a consumer. I have also expressed to them how damaging this inaccurate, incomplete and erroneous information that they are reporting is to me, my family and my financial well-being. However, they continue in their blatant disregard of the law. In addition, I have requested that they provide "" Proof of Verification '' as well as their "" Method of Verification. '' They have not complied. 

According to the FCRA, Credit Bureaus have 30 days to investigate a dispute, and another 15 days to provide the "" Proof of Verification. '' It has now been more than 100 days since my initial dispute and request for verification, and Equifax has totally ignored my requests and have not resolved this issue as of today 's date. Federal law states that under the Fair Credit Reporting Act, a Credit Bureau can not report information on a consumer that has not been legally verified. For your review, I have included my correspondence with Equifax, as well as, copies of my Return Receipts. 

Thank you for your prompt attention to this matter, and I shall look forward to hearing from you soon. 

Regards, 
"
200689,Incorrect information on credit report,"I recently applied for a XXXX XXXX and received a denial letter and they used my credit report from Equifax. Reasons for denial, judgement, derogatory public record, no recent non mortgage balance information. All false information and none should appear on my credit report as I just received my current credit report from Equifax. 
"
200703,Credit reporting company's investigation,"As of today, XX/XX/XXXX I have XXXX inquires that I "" DID NOT '' initiate. The inquiries are on all three credit bureaus reports. I have not applied for any credit since XX/XX/XXXX. My credit reports should be free of inquiries. 
"
200705,Incorrect information on credit report,"The credit report listed an item : XXXX Serious delinquency. When I contacted consumer finance, the agent said that XXXX XXXX XXXX reported I was delinquent on several credit card payments. I contacted XXXX XXXX XXXX and they said that they only had a checking and savings account under my name on file. Both of these accounts were closed years ago and they do not have record of me having a credit card with them. They said they could check archives, but because all of my accounts are now closed, they should not be reported as delinquent in any credit reports. 
"
200744,Credit reporting company's investigation,"As of today, XXXX XXXX, XX/XX/2015 I have XXXX inquires that I "" DID NOT '' initiate. The inquiries are on all XXXX credit bureaus reports. I have not applied for any credit since XX/XX/XXXX My credit reports should be free of inquiries. 
"
200773,Credit reporting company's investigation,"As of today, XXXX XXXX, XX/XX/XXXX I have XXXX inquires that I "" DID NOT '' initiate. The inquiries are on all XXXX credit bureaus reports. I have not applied for any credit since XX/XX/XXXX. My credit reports should be free of inquiries. 
"
200775,Credit reporting company's investigation,"I submitted a dispute to all three credit reporting agencies. I just received a response from trans Union stating that the collections placed on my credit report by XXXX XXXX XXXX was verified. I had previously paid the original bill issued by XXXX XXXX and submitted copies of payment from the XXXX XXXX website confirming payment as well as all copies of bills. It greatly disturbs me that this investigation by Trans Union states the information was verified when I have paid what was owed and submitted documentation. The first time when I even heard of this collection agency was seeing it on my credit report. I do not feel it is fair for me to have to pay again for a bill I have already paid. I greatly question the dispute investigation validity. I am seeking help with this matter because I have worked very hard to maintain good credit and to have this invalid information on my credit report greatly disappoints me. 
"
200795,Unable to get credit report/credit score,"This may be happening to many people using all XXXX of the websites. Same thing happened last time I tried over a year ago. The company gives you XXXX chance to view your *Free Report*. Instead of providing it in a .pdf file with all details for download, they provide an html version, requiring multiple clicks to view portions. They seem to purposely designing these pages to result in the page often crashing. Attempts to return, no longer give you access, since they already gave you that chance. They are satisfying the law, without really providing the information required, in this manner. This results in the user having to pay, to really see what is required for them to provide freely. 
"
200891,Credit reporting company's investigation,"On XX/XX/XXXX, I requested Experian to investigate and verify erroneous, incomplete and inaccurate information that they were reporting in my credit file. It took them more than 35 days to respond and they said that they had verified the information, but they did not provide "" Proof of Verification '' or their "" Method of Verification, '' as requested. They simply matched up numbers in a data base and said that it has been verified. 

On XX/XX/XXXX, I sent Experian a letter to re-investigate this same incomplete, inaccurate and erroneous information, specifically requesting their "" Proof of Verification '' and their "" Method of Verification '' for this inaccurate and incomplete information that they are reporting. On XX/XX/XXXX, I sent a follow-up letter ( all letters were sent certified, return receipt ) reminding them to validate and delete this erroneous, inaccurate and incomplete information that they are reporting without legal verification. 

So far, they have totally ignored my request and have violated my legal rights as a consumer. I have also expressed to them how damaging this inaccurate, incomplete and erroneous information that they are reporting is to me, my family and my financial well-being. However, they continue in their blatant disregard of the law. In addition, I have requested that they provide "" Proof of Verification '' as well as their "" Method of Verification. '' They have not complied. 

According to the FCRA, Credit Bureaus have 30 days to investigate a dispute, and another 15 days to provide the "" Proof of Verification. '' It has now been more than 100 days since my initial dispute and request for verification, and Equifax has totally ignored my requests and have not resolved this issue as of today 's date. Federal law states that under the Fair Credit Reporting Act, a Credit Bureau can not report information on a consumer that has not been legally verified. For your review, I have included my correspondence with Equifax, as well as, copies of my Return Receipts. 

Thank you for your prompt attention to this matter, and I shall look forward to hearing from you soon. 

Regards, 
"
200892,Incorrect information on credit report,"My credit report reflects an account in collectio for XXXX dollars. 
I called the collection company and this account belongs to XXXX. 
The address and the name are n't mine but they still say when mySocial security it 's put in to their system they get that own them moneyWhich I truly know it 's not mine 
"
200923,Incorrect information on credit report,"My credit score is in the low to mid XXXX 's despite a perfect payment record.. My total debt is about 5 % of my net worth, most in XXXX securities. Why is n't my score perfect? Checking my credit reports they seem accurate - perfect payment history! No court judgements, no bankruptcy history, no unpaid debts, etc. But, it seems misleading. I pay my only credit card off in full every month, no carry over balance, but it shows a max charge vs the limit even though paid. I keep my limit low to minimize identity theft and credit theft limits. My second card is a debit card, also paid every month. I get no reply to my specific question why my score is so low so I ca n't provide the information to resolve it. 
"
201014,Incorrect information on credit report,"I was thinking about of getting a loan since i looked on my account on credit reports and i was in fair and wanted it higher, i started paying on medical bills to get score up to go get a bank loan or increase on my bank card. I waited a couple mths and i looked over my complete file report because i seen it fell to XXXX I seen XXXX inquiries, I called all XXXX agencies, i filed complaints to the companies that i did not run my credit at al for an automobile, i went online to file complaint, they say i have mortgage, i own my home, because they want you to verify who you are. It wanted me to verify agency of mortgage, i own my home, no mortgage, it asked for monthly amount of mortgage, and its nothing so i put none of these on XXXX, transunion,, and XXXX, i had to call consumer. They had info i never heard of, above is suppose to be XXXX file number but i had to do everything in writing, and to see the online status, it gives me accounts to verify i do not have. I had to send letters out and faxes, I have not heard nothing its been since XX/XX/XXXX and they have verification wrong so i can not check on status. XXXX is my email. You can see on my score charts i have no mortgage but when you login in on document Fact act or fast act you will see me to verify? what is going on? 
"
201029,Unable to get credit report/credit score,"This situation relates to a recurring problem I 've been having with Experian. I keep my credit frozen, and only lift the freeze when I know I am applying for credit. I have not had a problem temporarily lifting freezes with XXXX. For the XXXX time in 3 months I have had credit denied because Experian will not lift the freeze on my account. They requested I send additional information to them. I have done that using XXXX XXXX Mail and I have a receipt to show they received the information. They still have not lifted the freeze. Not to mention the other XXXX agencies charge {$5.00} to lift a freeze and Experian charges {$10.00}. I do not believe they are acting in a way that encourages consumers to protect their credit. The XXXX time I complained to you about this, they sent me a credit report. I never asked them for a credit report - I asked them to lift the credit freeze on my account! I am at the end of my patience with them and hope you can help. 
"
201069,Incorrect information on credit report,"I had an account with XXXX XXXX. My last payment on the account was made in XXXX 2008. I did not make any further payments. The account was re-aged to show that my last payment in XXXX 2008 so that it would remain on my credit for an additional period of time. This item needs to be removed from my credit report, under the FCRA XXXX XXXX was only able to report this negative information for seven years after the account was considered delinquent. 
"
201122,Improper use of my credit report,"I was a victim of identity theft. Someone filed a tax return using my social security number. I went through the process of notifying and putting alerts on my credit reports. I then attempted to log into a previously established Experian account and was unable to due to the fact I could not validate an email address associated with my social security number. Not until I became an "" paying '' member was I transferred to their fraud department and once there I had to answer multiply questions to validate my identity. Once my identify was established they provided me with the email address which I then told them was bogus. Someone had created an Experian account using my social security number and I 'm assuming they ran a credit report and were able to see all my information. The bogus account was established on XX/XX/XXXX. I attempted to file my tax return on XX/XX/XXXX and was informed by the IRS that a XX/XX/XXXX Tax Return had already been submitted and I 'm assuming paid out using my social security number. I was able to get Experian to put a lock on the bogus account. 
"
201142,Incorrect information on credit report,"I have negative items on my credit that doesnt belong to me 
"
201159,Incorrect information on credit report,"I have paid on my mortgage for XXXX years and they do not have it on my report I have contacted both Equifax and XXXX mortgage. Equifax says it has neverbeen reported. XXXX sent my a letter stating that it HAS been reportedevery month for the last XXXX years. the other XXXX credit agencies show itcorrectly. also Equifax has me with XXXX late payments, they are showing payments that were included in a bankruptcy. 
"
201314,Credit reporting company's investigation,"I have been trying to dispute this judgement with Equifax several times. Equifax is closing these disputes with out making the proper investigation. This public record does not belong to me. This belong to my father XXXX XXXX XXXX. Please communicate with XXXX XXXX XXXX XXXX at XXXX to verify information as date of birth and social security. 
"
201345,Unable to get credit report/credit score,"I was trying to verify my identity in order to rent an apartment. However, I failed the identity verification XXXX via phone. Although, I have answered the questions correctly, I somehow managed to fail my own identity. 
I wrote down the questions and the answer choices given to me, and there were a few answer choices that came out on both phone calls -- I am assuming those are the "" correct '' answers that they were looking for, although they were all false. 
"
201548,Credit reporting company's investigation,"I am currently in bankruptcy, with XXXX on my mortgage. I am making payments under the XXXX XXXX XXXX, and has never missed a payment in four years, i have repeatedly disputed this account with Experian about why it is still showing past due. They refuse to remove all past due payments, which are supposed to be remove under the chapter XXXX plan, This is the only credit bureau that i am having this problem with. I have pursued my legal rights under 15 USC Section 1681n or 1681o to comply with the law. Under the provisions of the Fair Credit Reporting Act. Please investigate and contact me please concerning this matter. Thank You. 
"
201623,Incorrect information on credit report,"I paid XXXX XXXX XXXX back in XXXX. They sent a letter to all XXXX credit bureaus and my wife and I showing that the account was satisfied in full. The problem is that all the credit bureaus are reporting this account in the remark section as "" settled for less than full amount ''. I asked them all to remove the remark from this account. I uploaded and faxed documentation from XXXX XXXX XXXX showing this account was satisfied in full. It 's now XXXX, and we are in the final process of getting our XXXX home, and the remark is still showing on our reports. We need to have the remark removed. 
"
201645,Incorrect information on credit report,"I paid XXXX XXXX Systems back in XXXX. They sent a letter to all XXXX credit bureaus and my wife and I showing that the account was satisfied in full. The problem is that all the credit bureaus are reporting this account in the remark section as "" settled for less than full amount ''. I asked them all to remove the remark from this account. I uploaded and faxed documentation from XXXX XXXX XXXX showing this account was satisfied in full. It 's now XXXX, and we are in the final process of getting our first home, and the remark is still showing on our reports. We need to have the remark removed. 
"
201903,Credit monitoring or identity protection,"After 3 hours of XXXX communications with XXXX different TransUnion "" Consumer Fraud Special Agents '' I am at wits end trying to understand how any parent in Virginia can possibly have the required documentation to enable a minor 's credit freeze. I am attempting to freeze the credit file of XXXX of my minor children.The following block of information details the elusive documentation in question : XXXX of the following qualifying documents indicating that the requestor has Proof of Authority of the named individual : - Court Order- Power of Attorney ( not applicable for NY or TX residents ) - Written, Notarized and Signed Description of Authority ( not applicable for VA residents ) ; I have birth certificates, SSN cards, passports, other forms of identification, adoption decrees, and bills verifying my VA address, but what parent has any of the above listed "" Proof of Authority ''? 

The XXXX issue I had was with the attempted extortion of fees for the free service. The XXXX XXXX TransUnion representatives tried to collect {$10.00} to process the lock. The XXXX representative was the XXXX to acknowledge that the lock should be free. I have rejection documents claiming I submitted the documents, but failed to pay the {$10.00} fee. The site states : {$10.00} ( Medically incapacitated AND not a victim of ID theft ) Free ( Minor under age of XXXX OR medically incapacitated AND a victim of ID theft ) Boolean logic evaluates ANDs before ORs, thus it is free for minors under XXXX. 
"
201940,Incorrect information on credit report,"Equifax is reporting a "" hard credit inquiry '' from XXXX XXXX XXXX XXXX, XXXX. I told Equifax that ( 1 ) I never asked XXXX for any services ; ( 2 ) XXXX does not provide any services in XXXX where I live ; ( 3 ) XXXX told me that they have no record of any account or request in my name ; and ( 4 ) XXXX told me that they did not make any credit inquiry about me. Nevertheless, despite repeated requests, Equifax refuses to remove the erroneous information and this is adversely affecting my otherwise "" excellent '' credit score. I have written to Equifax several times, pointing out the absurdity of their report, but they have refused to remove the false item from my credit report ( which, by the way, is not shown on any other report from any other credit reporting agency ). I told Equifax that their inexplicable failure is costing me time and money, and that I would report their misconduct to you, but they do not seem to care. 
"
