ISSUE,CONSUMER_COMPLAINT
Can't contact lender,372
Can't repay my loan,3057
Charged fees or interest I didn't expect,852
Dealing with my lender or servicer,7909
Dealing with your lender or servicer,10550
Getting a loan,501
Getting a loan or lease,1180
Incorrect information on your report,1516
Managing the loan or lease,8402
Problem with a credit reporting company's investigation into an existing problem,768
Problems at the end of the loan or lease,2029
Problems when you are unable to pay,2456
Received a loan I didn't apply for,210
Shopping for a loan or lease,662
Struggling to pay your loan,2009
Struggling to repay your loan,3902
Taking out the loan or lease,1560
